,0
0,аббат
1,абвер
2,абзац
3,аборт
4,абрек
5,абрис
6,абхаз
7,абцуг
8,абшид
9,аваль
10,аванс
11,авгит
12,авгур
13,авеню
14,аверс
15,авизо
16,авлос
17,авось
18,аврал
19,авран
20,автол
21,автор
22,агава
23,агама
24,агент
25,агнат
26,агнец
27,агнцы
28,агора
29,аграф
30,агути
31,адепт
32,адити
33,адрес
34,адрон
35,адряс
36,ажгон
37,азарт
38,азиат
39,айван
40,аймак
41,айран
42,айрол
43,айсор
44,акажу
45,акант
46,аканф
47,акрил
48,аксис
49,аксон
50,актер
51,актив
52,актин
53,акула
54,акциз
55,акция
56,аларм
57,алгол
58,алеут
59,алиби
60,алкаш
61,алкил
62,аллах
63,аллея
64,аллод
65,аллюр
66,алмаз
67,алонж
68,алтей
69,алтын
70,алчба
71,алыча
72,альва
73,альфа
74,амбал
75,амбар
76,амбра
77,амбре
78,амвон
79,амеба
80,аминь
81,ампер
82,ампир
83,анаша
84,ангар
85,ангел
86,ангоб
87,анион
88,анкер
89,анонс
90,антей
91,антик
92,антре
93,анчар
94,аншеф
95,аорта
96,апекс
97,аплит
98,апноэ
99,апорт
100,апрош
101,арбуз
102,аргал
103,аргус
104,арден
105,ареал
106,арека
107,арена
108,ариец
109,аркан
110,армия
111,армюр
112,армяк
113,арсин
114,артос
115,архар
116,архей
117,архив
118,аршин
119,асана
120,аскер
121,аскет
122,аспид
123,астат
124,астма
125,астра
126,асцит
127,атака
128,атлас
129,атлет
130,атолл
131,атрий
132,аттик
133,аулос
134,афера
135,афина
136,афиша
137,ахеец
138,ахилл
139,ацтек
140,ашрам
141,аэроб
142,аэрон
143,бабай
144,бабка
145,бабье
146,багаж
147,багги
148,багер
149,багет
150,багор
151,багры
152,бадан
153,бадья
154,базар
155,базис
156,байга
157,байда
158,бакан
159,бакен
160,бакун
161,бакши
162,балда
163,балет
164,балка
165,балок
166,балык
167,бальи
168,банан
169,банда
170,банту
171,барак
172,баран
173,бареж
174,баржа
175,барий
176,барит
177,барич
178,бармы
179,барон
180,барыш
181,басма
182,баснь
183,басок
184,басон
185,бастр
186,батан
187,батат
188,батек
189,батог
190,батон
191,батуд
192,батут
193,батыр
194,бахта
195,бахус
196,бахча
197,бахши
198,бачки
199,бачок
200,башка
201,башли
202,башня
203,бегун
204,бедка
205,бедро
206,безик
207,бейка
208,бекар
209,бекас
210,бекон
211,белек
212,белец
213,белка
214,белое
215,белок
216,белый
217,белая
218,белье
219,беляк
220,беляш
221,бенди
222,бердо
223,берег
224,берет
225,берма
226,берце
227,бетон
228,биакс
229,бивак
230,бивни
231,бигус
232,бидон
233,бизон
234,билет
235,билль
236,билон
237,бином
238,бионт
239,биота
240,биржа
241,бирка
242,бирюк
243,бирюч
244,бисер
245,бистр
246,битва
247,битка
248,биток
249,битум
250,битый
251,битье
252,битюг
253,благо
254,блажь
255,бланк
256,блато
257,блеск
258,близь
259,блинт
260,блоха
261,блуза
262,блюдо
263,блюмс
264,блядь
265,бляха
266,бобер
267,бобик
268,бобок
269,богач
270,бодун
271,бодяк
272,бойцы
273,божба
274,божок
275,бозон
276,боинг
277,бойня
278,болид
279,болюс
280,бомба
281,бонза
282,бонмо
283,бонна
284,бонус
285,борат
286,бордо
287,борей
288,борец
289,борцы
290,борид
291,боров
292,борок
293,борть
294,босяк
295,ботва
296,ботик
297,бочаг
298,бочар
299,бочка
300,бочок
301,бояре
302,браво
303,брага
304,брада
305,брама
306,брань
307,брасс
308,бреве
309,брейк
310,бремя
311,брешь
312,бридж
313,брика
314,бриль
315,бритт
316,бровь
317,бронх
318,бронь
319,брошь
320,брыжи
321,брыла
322,брюки
323,брюхо
324,бубен
325,бубны
326,бубна
327,бубон
328,бугай
329,бугор
330,бугры
331,будка
332,будни
333,будра
334,будяк
335,бузун
336,букан
337,буква
338,букет
339,букле
340,букля
341,букол
342,булат
343,булга
344,булка
345,булла
346,бурак
347,буран
348,бурат
349,бурда
350,бурка
351,бурре
352,бурса
353,бурун
354,бурят
355,бутан
356,бутен
357,бутил
358,бутон
359,бутса
360,бутуз
361,буфер
362,буфет
363,бухло
364,бухта
365,быдло
366,былка
367,былое
368,былье
369,бытие
370,бытье
371,бычок
372,бьюик
373,бэнди
374,бювар
375,бювет
376,бюкса
377,вабик
378,вагон
379,вазон
380,вакат
381,вакса
382,вакуф
383,валах
384,валеж
385,валек
386,валер
387,валет
388,валец
389,валик
390,валка
391,валок
392,валуй
393,валух
394,вальс
395,ванна
396,ванта
397,вапор
398,варан
399,варна
400,варок
401,варяг
402,ватин
403,ватка
404,вафля
405,вахня
406,вахта
407,вдова
408,вебер
409,ведро
410,ведун
411,вежда
412,везир
413,вейка
414,векша
415,велик
416,велит
417,вельс
418,велюр
419,венгр
420,венед
421,венет
422,венец
423,венцы
424,веник
425,вента
426,вепрь
427,верба
428,вервь
429,веред
430,верес
431,верея
432,верже
433,верфь
434,верша
435,весло
436,весна
437,весок
438,весть
439,ветвь
440,ветер
441,ветры
442,ветка
443,ветла
444,вечер
445,вешка
446,вещее
447,вещун
448,взбег
449,взвар
450,взвод
451,взвоз
452,вздор
453,вздох
454,взлет
455,взлом
456,взмах
457,взмет
458,взмыв
459,взнос
460,взрез
461,взрыв
462,взрыд
463,взыск
464,вивер
465,видео
466,видик
467,видок
468,визаж
469,визир
470,визит
471,вилка
472,вилла
473,вилок
474,винцо
475,виола
476,вираж
477,вирус
478,вирша
479,виски
480,висок
481,вития
482,виток
483,витье
484,вихор
485,вихры
486,вихрь
487,вишну
488,вклад
489,влага
490,вобла
491,вогул
492,водка
493,вожак
494,вождь
495,вожжа
496,возик
497,возка
498,возня
499,возок
500,война
501,вокал
502,волан
503,волга
504,волна
505,волок
506,волос
507,волох
508,волхв
509,вольт
510,вопль
511,ворог
512,ворон
513,ворот
514,ворох
515,ворье
516,вотум
517,вотяк
518,вошка
519,вояка
520,впуск
521,враки
522,враль
523,врата
524,время
525,вруша
526,вспых
527,всход
528,втора
529,вуаль
530,вчера
531,въезд
532,выбег
533,выбой
534,выбор
535,вывал
536,вывес
537,вывих
538,вывод
539,вывоз
540,выгар
541,выгиб
542,выгон
543,выгул
544,выдел
545,выдох
546,выдра
547,выдув
548,выезд
549,выжиг
550,выжим
551,вызов
552,вызол
553,выкат
554,выкол
555,выкос
556,выкуп
557,выкус
558,вылаз
559,вылет
560,вылов
561,вылом
562,вымах
563,вымол
564,вымор
565,вынос
566,выпад
567,выпал
568,выпар
569,выпас
570,выпек
571,выпор
572,выпот
573,вырез
574,выруб
575,высев
576,вытье
577,выход
578,вычет
579,вышаг
580,вышка
581,вьюга
582,вязка
583,вязок
584,вятич
585,вятка
586,гавот
587,гагат
588,гадес
589,газок
590,газон
591,гайка
592,галит
593,галка
594,галоп
595,галун
596,гамак
597,гамба
598,гамма
599,гамон
600,ганаш
601,ганец
602,ганцы
603,ганза
604,ганка
605,гараж
606,гарда
607,гарем
608,гарус
609,гаусс
610,гаучо
611,гачек
612,гашиш
613,гвалт
614,гевея
615,гейша
616,гелий
617,гемин
618,гемма
619,гений
620,геном
621,генри
622,геоид
623,герлс
624,герма
625,герой
626,гетит
627,гетра
628,гетто
629,гжель
630,гиады
631,гибка
632,гидра
633,гиена
634,гилея
635,гиляк
636,гинея
637,гипюр
638,гирло
639,гитан
640,гитов
641,гичка
642,глава
643,главк
644,гладь
645,глень
646,глина
647,глинт
648,глипт
649,глист
650,глубь
651,глушь
652,глыба
653,глясе
654,гмина
655,гнейс
656,гнида
657,гниль
658,гнусь
659,гобой
660,говно
661,говор
662,гогот
663,годик
664,годок
665,голем
666,голец
667,голик
668,голод
669,голос
670,голый
671,голая
672,голые
673,голыш
674,гольд
675,голье
676,гольф
677,голяк
678,гомон
679,гонец
680,гонцы
681,гонит
682,гонка
683,гонор
684,гопак
685,горал
686,горец
687,горцы
688,горжа
689,горка
690,горло
691,горно
692,город
693,горох
694,горст
695,горюн
696,гость
697,граве
698,грамм
699,гранд
700,грант
701,грань
702,гребь
703,грежа
704,греза
705,грена
706,греча
707,грива
708,гридь
709,гриль
710,грипп
711,гроза
712,гросс
713,груда
714,грудь
715,грунт
716,груша
717,грыжа
718,гряда
719,грязь
720,гуава
721,гуано
722,гуашь
723,губан
724,губка
725,гугня
726,гудок
727,гужик
728,гузка
729,гузно
730,гулаг
731,гуляш
732,гумма
733,гумно
734,гумус
735,гуран
736,гурда
737,гурия
738,гусак
739,гусар
740,гусек
741,гусит
742,гусли
743,гуцул
744,гэпэу
745,гюрза
746,давка
747,дадан
748,дайна
749,дайра
750,далия
751,дамба
752,дамка
753,датив
754,дацан
755,дачка
756,дверь
757,дебай
758,дебет
759,дебил
760,дебит
761,дебош
762,дебрь
763,дебют
764,девиз
765,девка
766,девон
767,дегти
768,дедка
769,дедок
770,дежка
771,деизм
772,деист
773,декан
774,декор
775,дележ
776,делец
777,демон
778,демос
779,денди
780,денек
781,денье
782,дерба
783,дерби
784,дерен
785,дерма
786,дерть
787,десна
788,десть
789,детва
790,детка
791,дефис
792,джига
793,джинн
794,дзета
795,дзюдо
796,диана
797,диван
798,диета
799,дикий
800,дикая
801,дикие
802,дилен
803,дилер
804,дильс
805,динар
806,динас
807,динги
808,динод
809,диско
810,дихта
811,дичок
812,длань
813,длина
814,днище
815,донья
816,добор
817,добро
818,довод
819,догма
820,дождь
821,дожим
822,дозор
823,дойка
824,дойна
825,дойра
826,докер
827,домек
828,домен
829,домер
830,домик
831,домна
832,домок
833,домра
834,донец
835,донцы
836,донка
837,донна
838,донор
839,донос
840,донце
841,дорка
842,досев
843,доска
844,досол
845,досуг
846,досыл
847,досье
848,дофин
849,доход
850,дочка
851,дошка
852,драга
853,драже
854,драйв
855,драка
856,драма
857,дрань
858,древо
859,дрейф
860,дрель
861,дрема
862,дробь
863,дрова
864,дрога
865,дрожь
866,дрозд
867,дрофа
868,друид
869,дрязг
870,дрянь
871,дубец
872,дубцы
873,дубка
874,дубль
875,дубок
876,дубье
877,дувал
878,дуван
879,дудак
880,дудка
881,дудук
882,дужка
883,дукат
884,дулеб
885,думец
886,думцы
887,думка
888,дунец
889,дунцы
890,дунит
891,дунст
892,дупло
893,дурак
894,дурни
895,дурка
896,дурра
897,дутар
898,дутик
899,дутыш
900,дутье
901,духан
902,душка
903,душок
904,дуэль
905,дщерь
906,дылда
907,дымка
908,дымок
909,дырка
910,дышло
911,дюбек
912,дюкер
913,дюшес
914,дядек
915,дядья
916,дятел
917,дятлы
918,евнух
919,еврей
920,егерь
921,егоза
922,ежиха
923,ежата
924,ездка
925,ездок
926,елина
927,емеля
928,емшан
929,ересь
930,ерник
931,есаул
932,ессей
933,ехида
934,жабка
935,жабра
936,жажда
937,жакан
938,жакет
939,жамка
940,жарка
941,жарок
942,жатва
943,жатка
944,жвало
945,жевок
946,желна
947,желоб
948,желть
949,желчь
950,жених
951,женка
952,жеода
953,жердь
954,жерех
955,жерло
956,жесть
957,жетон
958,живец
959,живцы
960,живое
961,живые
962,живот
963,живье
964,жиган
965,жидок
966,жизнь
967,жилет
968,жилец
969,жилка
970,жилое
971,жилье
972,жинка
973,жираф
974,жирок
975,жиряк
976,жисть
977,житие
978,житье
979,жменя
980,жмудь
981,жнива
982,жница
983,жокей
984,жопка
985,жрица
986,жулан
987,жулик
988,жулье
989,жупан
990,жупел
991,журка
992,жучка
993,жучок
994,забег
995,забой
996,забор
997,завал
998,завет
999,завод
1000,завоз
1001,завуч
1002,загар
1003,загиб
1004,загон
1005,загул
1006,задел
1007,задик
1008,задок
1009,задор
1010,заеда
1011,заезд
1012,займы
1013,зажим
1014,зажин
1015,зажор
1016,зазор
1017,зазыв
1018,заика
1019,зайка
1020,заказ
1021,закал
1022,закат
1023,закол
1024,закон
1025,закуп
1026,закут
1027,залет
1028,залец
1029,залив
1030,зализ
1031,залог
1032,залом
1033,замах
1034,замер
1035,замес
1036,замет
1037,замок
1038,замор
1039,замша
1040,зандр
1041,занос
1042,запад
1043,запал
1044,запас
1045,запах
1046,запев
1047,запой
1048,запон
1049,запор
1050,зарез
1051,зарин
1052,зарод
1053,зарок
1054,заруб
1055,заряд
1056,засев
1057,засов
1058,засол
1059,засор
1060,засос
1061,засыл
1062,затек
1063,затес
1064,затея
1065,заток
1066,затон
1067,затор
1068,затяг
1069,заумь
1070,заход
1071,зацеп
1072,зачес
1073,зачет
1074,зачин
1075,защип
1076,зайцы
1077,звено
1078,звень
1079,зверь
1080,зебра
1081,зевок
1082,зелье
1083,зельц
1084,земец
1085,земцы
1086,земля
1087,зенит
1088,зенки
1089,зерно
1090,зернь
1091,зефир
1092,зипун
1093,злато
1094,злоба
1095,злюка
1096,знамя
1097,знать
1098,зобик
1099,золка
1100,зоман
1101,зомби
1102,зраза
1103,зубья
1104,зубец
1105,зубцы
1106,зубик
1107,зубок
1108,зудни
1109,зумпф
1110,зурна
1111,зыбка
1112,зыбун
1113,зятек
1114,зятик
1115,иблис
1116,иваси
1117,ивина
1118,ивняк
1119,иврит
1120,игрек
1121,игрец
1122,игрок
1123,игрун
1124,идеал
1125,идиом
1126,идиот
1127,иерей
1128,ижица
1129,ижора
1130,избач
1131,извет
1132,извив
1133,извод
1134,извоз
1135,изгиб
1136,изгой
1137,изида
1138,излет
1139,излом
1140,измол
1141,измор
1142,износ
1143,изъян
1144,изыск
1145,изюбр
1146,икона
1147,икота
1148,иксия
1149,иктус
1150,илеус
1151,илька
1152,имаго
1153,имидж
1154,имена
1155,инвар
1156,ингуш
1157,индий
1158,индол
1159,индра
1160,индус
1161,индюк
1162,инжир
1163,интим
1164,инула
1165,иодид
1166,иомен
1167,иомуд
1168,иомут
1169,ионит
1170,иония
1171,иприт
1172,ирбис
1173,ирида
1174,ирмос
1175,исида
1176,искра
1177,искус
1178,ислам
1179,испод
1180,испуг
1181,иссоп
1182,истец
1183,истцы
1184,истод
1185,исток
1186,исход
1187,итээр
1188,иудей
1189,ифрит
1190,ишиас
1191,йодид
1192,йодль
1193,йомен
1194,кааба
1195,кабак
1196,кабан
1197,кабил
1198,кабул
1199,кавун
1200,кагал
1201,каган
1202,кагат
1203,кагор
1204,кадет
1205,кадиш
1206,кадка
1207,кадык
1208,казак
1209,казан
1210,казах
1211,казна
1212,казнь
1213,казус
1214,кайен
1215,кайла
1216,кайма
1217,кайра
1218,какао
1219,калам
1220,калан
1221,калач
1222,калба
1223,калий
1224,калиф
1225,калла
1226,калым
1227,камас
1228,камни
1229,камея
1230,камин
1231,камка
1232,камса
1233,камус
1234,камча
1235,камыш
1236,канал
1237,канат
1238,канва
1239,канна
1240,канон
1241,каноэ
1242,канун
1243,канюк
1244,капер
1245,капля
1246,капор
1247,капот
1248,каппа
1249,капут
1250,карат
1251,карга
1252,карда
1253,кариб
1254,кария
1255,карма
1256,карст
1257,карта
1258,касик
1259,каска
1260,каско
1261,касса
1262,каста
1263,катар
1264,катер
1265,катет
1266,катод
1267,каток
1268,катыш
1269,кацап
1270,кацик
1271,качка
1272,качок
1273,кашли
1274,кашка
1275,кашне
1276,кашпо
1277,кашуб
1278,кащей
1279,каюта
1280,квадр
1281,квант
1282,кварк
1283,кварц
1284,квача
1285,квота
1286,кегль
1287,кекур
1288,кельт
1289,келья
1290,кенар
1291,кенаф
1292,кепка
1293,кетен
1294,кетон
1295,кефир
1296,кечуа
1297,кешью
1298,кивер
1299,кивок
1300,кивот
1301,кидас
1302,кизил
1303,кизяк
1304,килим
1305,кимвр
1306,кинза
1307,киник
1308,киоск
1309,кипер
1310,кипка
1311,кирза
1312,кирка
1313,кирха
1314,кисет
1315,кисея
1316,киска
1317,киста
1318,кисть
1319,кифоз
1320,кичка
1321,кишка
1322,клава
1323,кладь
1324,клака
1325,класс
1326,клект
1327,клерк
1328,клест
1329,клеть
1330,клефт
1331,клещи
1332,клинч
1333,клипс
1334,клише
1335,клоун
1336,клуня
1337,клупп
1338,клуша
1339,клюка
1340,клюфт
1341,кляча
1342,кнель
1343,кнехт
1344,книга
1345,кникс
1346,кница
1347,князь
1348,коала
1349,коата
1350,кобел
1351,коблы
1352,кобза
1353,кобра
1354,кобыз
1355,ковач
1356,ковер
1357,ковры
1358,ковка
1359,когти
1360,кодак
1361,кодла
1362,кодон
1363,кожан
1364,кожух
1365,кожье
1366,козел
1367,козлы
1368,кознь
1369,козон
1370,козны
1371,койка
1372,койне
1373,койот
1374,кокет
1375,кокни
1376,кокон
1377,кокор
1378,кокос
1379,колья
1380,колба
1381,колер
1382,колет
1383,колея
1384,колик
1385,колит
1386,колка
1387,колли
1388,колок
1389,колон
1390,колос
1391,колун
1392,колча
1393,колье
1394,кольт
1395,колюр
1396,комья
1397,комар
1398,комли
1399,комик
1400,комма
1401,комми
1402,комод
1403,комок
1404,конек
1405,конец
1406,концы
1407,коник
1408,конка
1409,конто
1410,конус
1411,конюх
1412,копал
1413,копач
1414,копер
1415,копры
1416,копие
1417,копир
1418,копия
1419,копка
1420,копна
1421,копра
1422,копун
1423,копыл
1424,копье
1425,коран
1426,корни
1427,корец
1428,корцы
1429,кореш
1430,корка
1431,короб
1432,корча
1433,корчь
1434,корье
1435,коряк
1436,косач
1437,косая
1438,косые
1439,косец
1440,косцы
1441,косма
1442,косой
1443,косок
1444,кость
1445,косье
1446,косяк
1447,котел
1448,котлы
1449,котик
1450,коток
1451,кофей
1452,кофий
1453,кофта
1454,кохия
1455,коцит
1456,кочан
1457,кочни
1458,кочет
1459,кочка
1460,кошер
1461,кошка
1462,кошма
1463,кощей
1464,крага
1465,кража
1466,краля
1467,крапп
1468,краса
1469,кредо
1470,креол
1471,крепь
1472,кресс
1473,крест
1474,криль
1475,крица
1476,кроат
1477,кровь
1478,кроль
1479,кросс
1480,кроха
1481,кроше
1482,круиз
1483,круть
1484,круча
1485,кручь
1486,крыло
1487,крыша
1488,кубик
1489,кубло
1490,кубок
1491,кувез
1492,кудла
1493,кудлы
1494,кудри
1495,кузен
1496,кузня
1497,кузов
1498,кукан
1499,кукиш
1500,кукла
1501,кукша
1502,кулаж
1503,кулак
1504,кулан
1505,кулек
1506,кулеш
1507,кулик
1508,кулич
1509,кулон
1510,культ
1511,кумач
1512,кумжа
1513,кумир
1514,кумол
1515,кумык
1516,кумыс
1517,кунак
1518,куньи
1519,купаж
1520,купец
1521,купцы
1522,купля
1523,купол
1524,купон
1525,кураж
1526,курай
1527,курва
1528,курец
1529,курцы
1530,курия
1531,курка
1532,курок
1533,куруш
1534,курья
1535,кусок
1536,кутас
1537,кутеж
1538,кутис
1539,куток
1540,кутум
1541,кутья
1542,кутюм
1543,кухва
1544,кухня
1545,кухта
1546,кучер
1547,кучка
1548,кушак
1549,кхмер
1550,кэтти
1551,кювет
1552,кюлот
1553,кяриз
1554,лабаз
1555,лабет
1556,лаваш
1557,лавис
1558,лавка
1559,лагун
1560,ладан
1561,ладья
1562,лазер
1563,лазея
1564,лазка
1565,лазок
1566,лайба
1567,лайда
1568,лайка
1569,лакей
1570,лакец
1571,лакцы
1572,лампа
1573,ламут
1574,ланда
1575,ландо
1576,ланка
1577,лапка
1578,лапти
1579,лапта
1580,лапша
1581,ларва
1582,ларго
1583,ларек
1584,ларец
1585,ларцы
1586,ласка
1587,лассо
1588,латин
1589,латка
1590,латук
1591,латыш
1592,лафет
1593,лафит
1594,лацци
1595,лачка
1596,лачок
1597,лбина
1598,лбище
1599,левак
1600,левит
1601,левша
1602,левый
1603,легат
1604,легаш
1605,легуа
1606,ледок
1607,лежак
1608,лежни
1609,лежка
1610,лейка
1611,лекаж
1612,лемех
1613,лемеш
1614,лемма
1615,лемур
1616,ленок
1617,лента
1618,ленца
1619,лепет
1620,лепка
1621,лепра
1622,лепта
1623,лерка
1624,леска
1625,лесок
1626,лесть
1627,летка
1628,леток
1629,летун
1630,лешак
1631,леший
1632,лещик
1633,лиана
1634,либра
1635,ливан
1636,ливни
1637,ливер
1638,ливка
1639,лидер
1640,лизат
1641,лизин
1642,лизис
1643,лизол
1644,лизун
1645,ликер
1646,лилея
1647,лилия
1648,лиман
1649,лимит
1650,лимон
1651,лимфа
1652,линек
1653,линза
1654,линия
1655,липец
1656,липцы
1657,липид
1658,липка
1659,липси
1660,лирик
1661,лиска
1662,литва
1663,литер
1664,литий
1665,литка
1666,литье
1667,лихач
1668,лихва
1669,лицей
1670,лишай
1671,лишек
1672,лобан
1673,лобби
1674,лобик
1675,лобио
1676,лобок
1677,ловец
1678,ловцы
1679,ловля
1680,логик
1681,логос
1682,лодка
1683,ложка
1684,ложок
1685,локва
1686,локон
1687,локти
1688,ломик
1689,ломка
1690,ломок
1691,ломти
1692,лонжа
1693,лопух
1694,лоток
1695,лотос
1696,лохмы
1697,лоция
1698,лошак
1699,лубья
1700,лубок
1701,лужок
1702,лузга
1703,лукно
1704,лунит
1705,лунка
1706,лупин
1707,лупка
1708,лучик
1709,лучок
1710,лыжня
1711,лысун
1712,лысый
1713,лытка
1714,лычка
1715,льяло
1716,любка
1717,любви
1718,любое
1719,любой
1720,любая
1721,любые
1722,люгер
1723,люмен
1724,люнет
1725,люпин
1726,люпус
1727,люрик
1728,лютик
1729,лютич
1730,лютня
1731,люффа
1732,лючок
1733,лягва
1734,ляжка
1735,лямка
1736,ляпис
1737,лярва
1738,ляссе
1739,ляшка
1740,магик
1741,магия
1742,магма
1743,магот
1744,мадам
1745,мадия
1746,маета
1747,мажор
1748,мазар
1749,мазер
1750,мазик
1751,мазка
1752,мазло
1753,мазня
1754,мазок
1755,мазур
1756,мазут
1757,майер
1758,майка
1759,майна
1760,майор
1761,макао
1762,макет
1763,макса
1764,макси
1765,малек
1766,малец
1767,малик
1768,малка
1769,малое
1770,малый
1771,малье
1772,маляр
1773,мамай
1774,маман
1775,мамба
1776,мамка
1777,мамон
1778,манас
1779,манго
1780,манда
1781,манеж
1782,манер
1783,мание
1784,мания
1785,манка
1786,манко
1787,манна
1788,манок
1789,манор
1790,манси
1791,манто
1792,манту
1793,манул
1794,маори
1795,марал
1796,маран
1797,марго
1798,маржа
1799,марка
1800,марля
1801,масаи
1802,маска
1803,масло
1804,масон
1805,масса
1806,масть
1807,матка
1808,маток
1809,матюг
1810,матюк
1811,мафия
1812,махан
1813,махра
1814,мачок
1815,мачта
1816,мегом
1817,медея
1818,медик
1819,медок
1820,медяк
1821,мезга
1822,мезон
1823,мейоз
1824,мекка
1825,мелис
1826,мелок
1827,мелос
1828,менка
1829,мерея
1830,мерин
1831,мерка
1832,месса
1833,место
1834,месть
1835,месье
1836,месяц
1837,метан
1838,метек
1839,метил
1840,метис
1841,метка
1842,метла
1843,метод
1844,метол
1845,метоп
1846,метро
1847,меццо
1848,мечта
1849,мешок
1850,мигач
1851,мизер
1852,микоз
1853,микст
1854,милка
1855,милое
1856,милый
1857,милая
1858,милые
1859,мильт
1860,мимик
1861,минер
1862,минея
1863,минор
1864,минос
1865,минус
1866,миома
1867,мираб
1868,мираж
1869,мирза
1870,мирок
1871,мирон
1872,миска
1873,митоз
1874,митра
1875,мишка
1876,мишук
1877,млеко
1878,могар
1879,могол
1880,модем
1881,модий
1882,модус
1883,мойва
1884,мойка
1885,мойра
1886,мокко
1887,мокой
1888,мокша
1889,молва
1890,молка
1891,молот
1892,молох
1893,молян
1894,моляр
1895,момме
1896,монах
1897,моном
1898,мопед
1899,морда
1900,мороз
1901,морок
1902,морцо
1903,моряк
1904,мосол
1905,мослы
1906,мосье
1907,мотет
1908,мотив
1909,мотка
1910,мотня
1911,моток
1912,мотор
1913,мотто
1914,мохер
1915,мохна
1916,мочка
1917,мошка
1918,мошна
1919,муаре
1920,мудак
1921,мужья
1922,мужик
1923,музга
1924,музей
1925,мулат
1926,мулек
1927,мулла
1928,муляж
1929,мумие
1930,мумия
1931,мунгу
1932,мураш
1933,мурда
1934,мурза
1935,мурин
1936,мурка
1937,мурло
1938,мурья
1939,мусор
1940,мутон
1941,мутул
1942,муфта
1943,муцин
1944,мучка
1945,мушар
1946,мушка
1947,мымра
1948,мысик
1949,мысль
1950,мысок
1951,мытье
1952,мычка
1953,мышей
1954,мышка
1955,мышца
1956,мэрия
1957,мюзет
1958,мюрид
1959,мякиш
1960,мялка
1961,мямля
1962,мянда
1963,мясцо
1964,мятеж
1965,мятье
1966,начай
1967,набат
1968,набег
1969,набла
1970,набоб
1971,набор
1972,навал
1973,навар
1974,навес
1975,навет
1976,навис
1977,навоз
1978,навой
1979,навык
1980,наган
1981,нагар
1982,нагиб
1983,нагон
1984,нагул
1985,надел
1986,надир
1987,надой
1988,надув
1989,наезд
1990,наймы
1991,нажиг
1992,нажим
1993,нажин
1994,назем
1995,наказ
1996,накал
1997,накат
1998,накол
1999,накос
2000,накра
2001,налеп
2002,налет
2003,налив
2004,налим
2005,налог
2006,налой
2007,намаз
2008,намек
2009,намет
2010,намин
2011,намол
2012,намыв
2013,нанай
2014,нанду
2015,нанка
2016,нанос
2017,напев
2018,напой
2019,напор
2020,нарез
2021,народ
2022,нарта
2023,наруч
2024,наряд
2025,насад
2026,насос
2027,насып
2028,натек
2029,натес
2030,натяг
2031,наука
2032,нафта
2033,нахал
2034,наход
2035,нация
2036,начес
2037,начет
2038,начин
2039,наяда
2040,невер
2041,невма
2042,невод
2043,негус
2044,недра
2045,недуг
2046,немец
2047,немцы
2048,немка
2049,немой
2050,немая
2051,немые
2052,ненец
2053,ненцы
2054,нения
2055,ненка
2056,непер
2057,нерка
2058,нерол
2059,нерпа
2060,несун
2061,нетяг
2062,нефть
2063,нечет
2064,нивка
2065,нивоз
2066,нивух
2067,низка
2068,низок
2069,никса
2070,никто
2071,нилот
2072,нимфа
2073,нисан
2074,нитка
2075,нитон
2076,ничто
2077,ничья
2078,нищий
2079,нищая
2080,нищие
2081,новик
2082,новое
2083,ногай
2084,ногти
2085,ножик
2086,ножка
2087,ножны
2088,нойон
2089,нолик
2090,номад
2091,номер
2092,нонет
2093,нория
2094,норка
2095,норма
2096,норов
2097,носач
2098,носик
2099,носка
2100,носок
2101,нотис
2102,нотка
2103,ночва
2104,ночка
2105,нудга
2106,нужда
2107,нукер
2108,нулик
2109,нутро
2110,нырец
2111,нырцы
2112,нырок
2113,нытик
2114,нытье
2115,нычка
2116,нюанс
2117,оазис
2118,обвал
2119,обвес
2120,обвод
2121,обвоз
2122,обгон
2123,обдел
2124,обдир
2125,обдув
2126,обжиг
2127,обжим
2128,обжин
2129,обжог
2130,обзор
2131,обида
2132,обкат
2133,обком
2134,обкос
2135,облет
2136,облик
2137,облов
2138,облог
2139,облой
2140,обман
2141,обмен
2142,обмер
2143,обмет
2144,обмин
2145,обмол
2146,обмыв
2147,обнос
2148,ободь
2149,обора
2150,образ
2151,обрат
2152,обрез
2153,оброк
2154,обруб
2155,обруч
2156,обрыв
2157,обряд
2158,обсев
2159,обувь
2160,обуза
2161,обход
2162,обчет
2163,общак
2164,общее
2165,объем
2166,обыск
2167,овист
2168,овощь
2169,овраг
2170,овсец
2171,овсюг
2172,овчар
2173,огонь
2174,огрех
2175,одежа
2176,одеон
2177,одурь
2178,ожина
2179,озеро
2180,озимь
2181,озноб
2182,оидий
2183,ойрот
2184,окапи
2185,океан
2186,окись
2187,окиян
2188,оклад
2189,оклик
2190,оковы
2191,окоем
2192,окорм
2193,окрас
2194,окрик
2195,окрол
2196,округ
2197,оксид
2198,октан
2199,октет
2200,окунь
2201,олеин
2202,олень
2203,олеум
2204,олива
2205,олимп
2206,олифа
2207,олово
2208,ольха
2209,омела
2210,омлет
2211,омуль
2212,онагр
2213,оникс
2214,онуча
2215,оолит
2216,ооцит
2217,опарт
2218,опара
2219,опека
2220,опята
2221,опера
2222,опись
2223,опиум
2224,оплот
2225,оплыв
2226,опоек
2227,опока
2228,опрос
2229,оптик
2230,орава
2231,орала
2232,орарь
2233,орган
2234,оргия
2235,орден
2236,ордер
2237,ореол
2238,оржад
2239,орион
2240,оркан
2241,орлан
2242,орлец
2243,орлик
2244,орляк
2245,ортит
2246,орфей
2247,орхит
2248,оршад
2249,осада
2250,осень
2251,осетр
2252,осина
2253,оскал
2254,ослик
2255,ослоп
2256,осляк
2257,осман
2258,осмий
2259,осмол
2260,осмос
2261,особа
2262,особь
2263,осоед
2264,осока
2265,осташ
2266,остит
2267,остов
2268,остол
2269,остюк
2270,остяк
2271,осыпь
2272,отава
2273,отара
2274,отбив
2275,отбой
2276,отбор
2277,отвал
2278,отвар
2279,отвес
2280,ответ
2281,отвод
2282,отвоз
2283,отгиб
2284,отгон
2285,отгул
2286,отдел
2287,отдух
2288,отдых
2289,отель
2290,отжиг
2291,отжим
2292,отзол
2293,отзыв
2294,отказ
2295,откат
2296,откол
2297,откос
2298,откуп
2299,откус
2300,отлет
2301,отлив
2302,отлов
2303,отлог
2304,отлуп
2305,отмах
2306,отмер
2307,отмол
2308,относ
2309,отпад
2310,отпал
2311,отпор
2312,отрез
2313,отрог
2314,отрок
2315,отруб
2316,отрыв
2317,отряд
2318,отсев
2319,отсек
2320,отсос
2321,оттек
2322,отток
2323,отход
2324,отцеп
2325,отчал
2326,отчет
2327,отчим
2328,отшиб
2329,отъем
2330,офеня
2331,офорт
2332,офсет
2333,оффис
2334,охват
2335,охота
2336,очерк
2337,очкур
2338,очник
2339,ошеек
2340,ошкуй
2341,ощупь
2342,пагон
2343,падеж
2344,падла
2345,падог
2346,падуб
2347,падун
2348,пазок
2349,пайва
2350,пайза
2351,пайка
2352,пайол
2353,пакет
2354,пакля
2355,палас
2356,палац
2357,палач
2358,палаш
2359,палех
2360,палец
2361,палея
2362,палия
2363,палка
2364,палуб
2365,пампа
2366,панаш
2367,панда
2368,панер
2369,панна
2370,паныч
2371,панье
2372,папах
2373,папеж
2374,папка
2375,парад
2376,параф
2377,парез
2378,парни
2379,парик
2380,пария
2381,парня
2382,парод
2383,парок
2384,паром
2385,парта
2386,парун
2387,парус
2388,парча
2389,парша
2390,пасма
2391,паста
2392,пасть
2393,пасха
2394,пасюк
2395,патан
2396,патер
2397,патио
2398,патлы
2399,патуа
2400,пауза
2401,пафос
2402,пахви
2403,пахит
2404,пахта
2405,пацан
2406,пачка
2407,пашня
2408,паяло
2409,певни
2410,певец
2411,певцы
2412,певун
2413,пегас
2414,пейот
2415,пекан
2416,пекло
2417,пелит
2418,пемза
2419,пенал
2420,пенге
2421,пенек
2422,пение
2423,пенка
2424,пенни
2425,пенье
2426,пепел
2427,пеплы
2428,пепси
2429,перга
2430,перед
2431,перец
2432,перцы
2433,перка
2434,перло
2435,перья
2436,перси
2437,перст
2438,перун
2439,перье
2440,песец
2441,песцы
2442,песик
2443,песнь
2444,петел
2445,петит
2446,петля
2447,петух
2448,печка
2449,пешец
2450,пешцы
2451,пеший
2452,пешая
2453,пешие
2454,пешка
2455,пешня
2456,пещер
2457,пещур
2458,пиала
2459,пиано
2460,пивко
2461,пивцо
2462,пигус
2463,пижма
2464,пижон
2465,пизда
2466,пикан
2467,пикап
2468,пикет
2469,пикон
2470,пикша
2471,пилав
2472,пилат
2473,пилка
2474,пилон
2475,пилот
2476,пимок
2477,пиния
2478,пинка
2479,пинна
2480,пинок
2481,пинта
2482,пипка
2483,пират
2484,пирит
2485,пирке
2486,пирог
2487,пирок
2488,пирон
2489,пироп
2490,писец
2491,писцы
2492,писун
2493,питие
2494,питок
2495,питон
2496,питух
2497,питье
2498,пифия
2499,пифос
2500,пихта
2501,пицца
2502,пищик
2503,плавь
2504,плаке
2505,пламя
2506,пласт
2507,плато
2508,плаун
2509,плаха
2510,плебс
2511,плева
2512,плеер
2513,племя
2514,плеск
2515,плесо
2516,плеть
2517,плечо
2518,плешь
2519,плинт
2520,плита
2521,плица
2522,плоть
2523,плохо
2524,плюха
2525,пнище
2526,побег
2527,побои
2528,побор
2529,повал
2530,повар
2531,повет
2532,повод
2533,повой
2534,погиб
2535,погон
2536,подий
2537,подог
2538,подой
2539,подол
2540,поедь
2541,поезд
2542,пожар
2543,пожня
2544,пожог
2545,позем
2546,позер
2547,позор
2548,позыв
2549,позык
2550,поиск
2551,пойка
2552,пойло
2553,пойма
2554,показ
2555,покат
2556,покер
2557,покой
2558,покос
2559,покус
2560,полба
2561,полет
2562,полив
2563,полип
2564,полир
2565,полис
2566,полог
2567,полоз
2568,полой
2569,полом
2570,полон
2571,полть
2572,полюс
2573,поляк
2574,поляш
2575,помет
2576,помин
2577,помои
2578,помол
2579,помор
2580,помпа
2581,понос
2582,пончо
2583,понюх
2584,попас
2585,попик
2586,попка
2587,попса
2588,порез
2589,порей
2590,порка
2591,порог
2592,пороз
2593,порок
2594,порос
2595,порох
2596,порск
2597,порто
2598,порты
2599,поруб
2600,порча
2601,порыв
2602,посад
2603,посев
2604,посол
2605,послы
2606,посох
2607,посул
2608,посыл
2609,поташ
2610,потек
2611,потир
2612,поток
2613,потоп
2614,потяг
2615,поход
2616,похул
2617,почва
2618,почет
2619,почин
2620,почка
2621,почта
2622,пошиб
2623,пошив
2624,поэма
2625,право
2626,прана
2627,прель
2628,пресс
2629,приап
2630,прием
2631,прима
2632,принц
2633,приор
2634,приуз
2635,причт
2636,приют
2637,проба
2638,проем
2639,проза
2640,пропс
2641,просо
2642,проух
2643,профи
2644,прусс
2645,прыск
2646,прыть
2647,прядь
2648,пряжа
2649,пряха
2650,псарь
2651,псина
2652,псица
2653,псише
2654,птаха
2655,птица
2656,пуант
2657,пугач
2658,пудик
2659,пудра
2660,пузан
2661,пузач
2662,пукля
2663,пульс
2664,пульт
2665,пунец
2666,пунцы
2667,пункт
2668,пупок
2669,пурга
2670,пурин
2671,пурка
2672,пусто
2673,путец
2674,путцы
2675,путик
2676,путло
2677,пуфик
2678,пучка
2679,пучок
2680,пушка
2681,пушок
2682,пушта
2683,пчела
2684,пшено
2685,пырей
2686,пытка
2687,пышка
2688,пьеза
2689,пьеро
2690,пьеса
2691,пьянь
2692,пэтэу
2693,пялка
2694,пясть
2695,пятак
2696,пятка
2697,пятно
2698,пяток
2699,пятый
2700,пятая
2701,пятые
2702,рабат
2703,раджа
2704,радий
2705,радио
2706,радон
2707,разик
2708,разок
2709,разор
2710,разум
2711,раина
2712,район
2713,ракия
2714,ракля
2715,ракун
2716,ракша
2717,ралли
2718,рамка
2719,рампа
2720,ранет
2721,ранец
2722,ранцы
2723,ранка
2724,ранчо
2725,рапид
2726,растр
2727,ратай
2728,ратин
2729,раунд
2730,рафид
2731,рафик
2732,рафия
2733,рахис
2734,рахит
2735,рацея
2736,рация
2737,рачок
2738,рвань
2739,рвота
2740,рдест
2741,ребаб
2742,ребро
2743,ребус
2744,ревун
2745,регби
2746,регия
2747,редан
2748,редис
2749,редут
2750,режим
2751,резак
2752,резец
2753,резцы
2754,резит
2755,резка
2756,резня
2757,резол
2758,резон
2759,резус
2760,рейка
2761,релиз
2762,релит
2763,рельс
2764,ремез
2765,ремни
2766,ремиз
2767,ренет
2768,рений
2769,рента
2770,репей
2771,репьи
2772,репер
2773,репка
2774,репье
2775,ретро
2776,речка
2777,решка
2778,ржавь
2779,ржица
2780,ржище
2781,риель
2782,ризка
2783,рикша
2784,ринит
2785,рипус
2786,ритор
2787,рифей
2788,рифля
2789,рифма
2790,рицин
2791,ришта
2792,робот
2793,ровер
2794,ровик
2795,ровня
2796,рогач
2797,рогоз
2798,родео
2799,родий
2800,родич
2801,родня
2802,рожак
2803,рожок
2804,рожон
2805,рожны
2806,розан
2807,розга
2808,рознь
2809,ройба
2810,ройка
2811,рокот
2812,ролик
2813,роман
2814,ромец
2815,ромок
2816,ромша
2817,рондо
2818,ронжа
2819,ропак
2820,ропот
2821,ростр
2822,ротик
2823,роток
2824,ротон
2825,ротор
2826,рохля
2827,рояль
2828,ртище
2829,ртуть
2830,рубеж
2831,рубец
2832,рубцы
2833,рубин
2834,рубка
2835,рубль
2836,ругня
2837,рудяк
2838,ружье
2839,руина
2840,рукав
2841,рулет
2842,рулон
2843,румын
2844,рунец
2845,рунцы
2846,рупия
2847,рупор
2848,русак
2849,русин
2850,русло
2851,рутил
2852,ручей
2853,ручьи
2854,ручка
2855,рыбак
2856,рыбец
2857,рыбцы
2858,рыбка
2859,рывок
2860,рыжак
2861,рыжей
2862,рыжий
2863,рында
2864,рынок
2865,рысак
2866,рысца
2867,рытье
2868,рычаг
2869,рэкет
2870,рэлей
2871,рюмка
2872,рюшка
2873,рябец
2874,рябцы
2875,рябик
2876,рябой
2877,рябая
2878,рябые
2879,рябок
2880,рядно
2881,рядок
2882,ряска
2883,рясна
2884,ряшка
2885,сабан
2886,сабей
2887,сабза
2888,сабин
2889,сабля
2890,сабур
2891,саван
2892,савар
2893,савка
2894,саган
2895,сагиб
2896,саджа
2897,садик
2898,садка
2899,садно
2900,садок
2901,сазан
2902,сайга
2903,сайда
2904,сайка
2905,сайра
2906,саква
2907,сакля
2908,салар
2909,салат
2910,салеп
2911,салка
2912,салма
2913,салол
2914,салон
2915,салоп
2916,салют
2917,саман
2918,самба
2919,самбо
2920,самец
2921,самцы
2922,самка
2923,самум
2924,санки
2925,сапер
2926,сапка
2927,сапог
2928,сапун
2929,сарай
2930,саржа
2931,сарос
2932,сарыч
2933,сатин
2934,сатир
2935,сауна
2936,сафра
2937,сахар
2938,сахиб
2939,сачок
2940,сброд
2941,сброс
2942,сбруя
2943,свара
2944,сваха
2945,свеча
2946,свиль
2947,свинг
2948,свист
2949,свита
2950,свора
2951,свояк
2952,связа
2953,связь
2954,сглаз
2955,сдача
2956,сдвиг
2957,сдоба
2958,сеанс
2959,севак
2960,севба
2961,север
2962,севец
2963,севцы
2964,севок
2965,седан
2966,седло
2967,седок
2968,сеево
2969,сезам
2970,сезни
2971,сезон
2972,сейба
2973,сейид
2974,сейша
2975,секач
2976,секта
2977,селен
2978,селин
2979,семга
2980,семик
2981,семит
2982,семья
2983,сенаж
2984,сенат
2985,сенки
2986,сенцо
2987,сепия
2988,серир
2989,серия
2990,серка
2991,серна
2992,серое
2993,серсо
2994,серум
2995,серый
2996,серая
2997,серые
2998,сетка
2999,сеунч
3000,сечка
3001,сиаль
3002,сивер
3003,сивка
3004,сивко
3005,сивуч
3006,сивый
3007,сивая
3008,сивые
3009,сигма
3010,сидни
3011,сидка
3012,сидор
3013,сиена
3014,сижок
3015,сизиф
3016,сизяк
3017,сикоз
3018,силач
3019,силен
3020,силка
3021,силок
3022,силон
3023,силос
3024,силур
3025,сильф
3026,симка
3027,синап
3028,синец
3029,синцы
3030,синод
3031,синто
3032,синус
3033,синяк
3034,синяя
3035,синие
3036,сипай
3037,сирен
3038,сирин
3039,сироп
3040,сирый
3041,сирая
3042,сирые
3043,систр
3044,ситар
3045,ситец
3046,ситцы
3047,ситро
3048,ситце
3049,сифон
3050,скала
3051,скало
3052,скань
3053,скарб
3054,скарн
3055,скаут
3056,скачь
3057,сквер
3058,сквош
3059,скейт
3060,скена
3061,скепт
3062,скетч
3063,скирд
3064,склад
3065,склеп
3066,склиз
3067,склон
3068,скоба
3069,скора
3070,скорм
3071,скотч
3072,скрап
3073,скреп
3074,скрип
3075,скрэб
3076,скуди
3077,скудо
3078,скука
3079,скула
3080,скунс
3081,слава
3082,слайд
3083,слань
3084,слега
3085,слеза
3086,сленг
3087,слизь
3088,слово
3089,слуга
3090,слуда
3091,слука
3092,слюда
3093,слюна
3094,смазь
3095,смена
3096,смерд
3097,смерч
3098,смесь
3099,смета
3100,смола
3101,смоль
3102,смотр
3103,смрад
3104,смута
3105,смуть
3106,смысл
3107,снедь
3108,сноха
3109,сныть
3110,собес
3111,собор
3112,совет
3113,совик
3114,совка
3115,совок
3116,согра
3117,содом
3118,созыв
3119,сойка
3120,сойма
3121,сойот
3122,сокол
3123,солея
3124,солка
3125,солод
3126,соляр
3127,сомик
3128,сомье
3129,сонет
3130,сопка
3131,сопло
3132,сопля
3133,сопор
3134,сопун
3135,сорго
3136,сорит
3137,сорок
3138,сором
3139,сорус
3140,сосед
3141,сосец
3142,сосцы
3143,соска
3144,сосна
3145,сосок
3146,сосуд
3147,сосун
3148,сотка
3149,сотня
3150,сотый
3151,сотая
3152,софит
3153,сохач
3154,сочни
3155,сочок
3156,сошка
3157,спаги
3158,спазм
3159,спайк
3160,спесь
3161,спирт
3162,спица
3163,сплав
3164,сплин
3165,спорт
3166,спрей
3167,спрос
3168,спрут
3169,спурт
3170,спуск
3171,среда
3172,срост
3173,ссора
3174,ссуда
3175,стадо
3176,сталь
3177,станс
3178,старт
3179,старь
3180,стать
3181,ствол
3182,створ
3183,стега
3184,стезя
3185,стела
3186,стель
3187,стенд
3188,стень
3189,степс
3190,степь
3191,стерх
3192,стикс
3193,стило
3194,стиль
3195,стоик
3196,стокс
3197,столб
3198,столп
3199,стопа
3200,стояк
3201,страж
3202,страз
3203,страх
3204,стриж
3205,стрик
3206,стрит
3207,строй
3208,строп
3209,струг
3210,струп
3211,струя
3212,стужа
3213,ступа
3214,ступь
3215,стыдь
3216,стынь
3217,суаре
3218,сувой
3219,судак
3220,судия
3221,судно
3222,судок
3223,судья
3224,суета
3225,суинг
3226,сучья
3227,сукно
3228,сукре
3229,сулея
3230,сулой
3231,сумах
3232,сумет
3233,сумка
3234,сумма
3235,сунна
3236,супер
3237,супец
3238,супцы
3239,супин
3240,суржа
3241,сурик
3242,сурна
3243,сурок
3244,сусак
3245,сусек
3246,сусло
3247,сутаж
3248,сутки
3249,сутра
3250,суфле
3251,сучка
3252,сучок
3253,сучье
3254,сушка
3255,сущее
3256,сущик
3257,сфера
3258,схема
3259,схима
3260,сцена
3261,сцинк
3262,съезд
3263,сынок
3264,сыпец
3265,сыпцы
3266,сырец
3267,сырцы
3268,сырок
3269,сырца
3270,сырье
3271,сытый
3272,сытая
3273,сытые
3274,сычуг
3275,сыщик
3276,сэшэа
3277,сюжет
3278,сюита
3279,сябер
3280,сяжок
3281,табак
3282,табес
3283,табло
3284,табор
3285,табун
3286,тавот
3287,тавро
3288,таган
3289,тайцы
3290,тазик
3291,тайга
3292,таймс
3293,тайна
3294,такое
3295,такса
3296,такси
3297,такыр
3298,талан
3299,талер
3300,талес
3301,талиб
3302,талик
3303,талия
3304,талон
3305,талыш
3306,тальк
3307,талья
3308,тамга
3309,тамил
3310,танго
3311,танец
3312,танцы
3313,танин
3314,танок
3315,тапер
3316,тапир
3317,тапка
3318,таран
3319,тараф
3320,тариф
3321,тарын
3322,таска
3323,татка
3324,тауэр
3325,тафта
3326,тафья
3327,тахта
3328,тацет
3329,тачка
3330,ташка
3331,таэль
3332,тварь
3333,твист
3334,театр
3335,тезей
3336,тезис
3337,тезка
3338,теизм
3339,теист
3340,текст
3341,телек
3342,телец
3343,телик
3344,телка
3345,телок
3346,тембр
3347,темка
3348,тенге
3349,тенек
3350,тенор
3351,тепло
3352,терем
3353,терец
3354,терцы
3355,терка
3356,терма
3357,терно
3358,тесак
3359,тесей
3360,теска
3361,тесло
3362,тесто
3363,тесть
3364,тетка
3365,теург
3366,течка
3367,тешка
3368,тиара
3369,тигли
3370,тимол
3371,тимус
3372,тинка
3373,типаж
3374,типец
3375,типцы
3376,типик
3377,типун
3378,тираж
3379,тиран
3380,тиски
3381,титан
3382,титла
3383,титул
3384,тифон
3385,тифус
3386,ткань
3387,тлень
3388,товар
3389,тодес
3390,тойон
3391,токай
3392,толай
3393,толос
3394,толпа
3395,толща
3396,толщь
3397,томан
3398,томат
3399,томик
3400,томми
3401,тондо
3402,тоник
3403,тонна
3404,тонус
3405,топаз
3406,топик
3407,топка
3408,топор
3409,топот
3410,торба
3411,торец
3412,торцы
3413,торий
3414,торос
3415,тоска
3416,тотем
3417,тоуэр
3418,тохар
3419,точка
3420,трава
3421,трамп
3422,транс
3423,транш
3424,трапп
3425,трата
3426,траур
3427,треба
3428,трель
3429,трема
3430,треск
3431,трест
3432,треть
3433,треух
3434,триас
3435,триба
3436,триер
3437,тризм
3438,трико
3439,трипс
3440,тромб
3441,тромп
3442,трояк
3443,труба
3444,трусы
3445,труха
3446,трюмо
3447,тсуга
3448,туаль
3449,тубус
3450,тугай
3451,тугун
3452,тузик
3453,тукан
3454,тулес
3455,тулий
3456,тулуз
3457,тулук
3458,тулун
3459,тулуп
3460,тулья
3461,туляк
3462,тумак
3463,туман
3464,тумба
3465,тумор
3466,тунец
3467,тунцы
3468,тупей
3469,тупец
3470,тупцы
3471,тупик
3472,тупыш
3473,турач
3474,турка
3475,турне
3476,турок
3477,тутор
3478,тутти
3479,туфля
3480,туфта
3481,тучка
3482,тушка
3483,тщета
3484,тыква
3485,тынок
3486,тырло
3487,тырса
3488,тычок
3489,тюбик
3490,тюник
3491,тюрбе
3492,тюрик
3493,тюрок
3494,тютюн
3495,тюфяк
3496,тючок
3497,тябло
3498,тягач
3499,тягло
3500,тяжба
3501,тяпка
3502,уазик
3503,уброд
3504,убрус
3505,убыль
3506,увраж
3507,углич
3508,угода
3509,уголь
3510,угорь
3511,угрев
3512,удаль
3513,удача
3514,удерж
3515,удило
3516,удэге
3517,удэхе
3518,ужата
3519,узанс
3520,узбек
3521,уздца
3522,узина
3523,узник
3524,уйгур
3525,уклад
3526,уклея
3527,уклон
3528,укроп
3529,укрут
3530,укрюк
3531,уксус
3532,улика
3533,улица
3534,улыба
3535,ульта
3536,умбра
3537,умище
3538,умник
3539,умный
3540,умная
3541,умные
3542,умолк
3543,униат
3544,унион
3545,унтер
3546,унция
3547,упрек
3548,упырь
3549,ураза
3550,урарт
3551,урема
3552,урина
3553,урман
3554,усина
3555,усище
3556,ускок
3557,успех
3558,устой
3559,уступ
3560,устье
3561,утеря
3562,утеха
3563,утиль
3564,утица
3565,ухарь
3566,ухват
3567,ухожь
3568,ухряб
3569,учеба
3570,учхоз
3571,ушица
3572,ушкуй
3573,ушник
3574,ущерб
3575,фабра
3576,фавор
3577,фавус
3578,фагот
3579,фадом
3580,фазан
3581,фазис
3582,факел
3583,факир
3584,фалда
3585,фальц
3586,фанат
3587,фанза
3588,фарад
3589,фарси
3590,фасад
3591,фасет
3592,фаска
3593,фасон
3594,фатом
3595,фатум
3596,фатюй
3597,фауна
3598,фацет
3599,фация
3600,фаянс
3601,фелло
3602,фелон
3603,фений
3604,фенил
3605,фенол
3606,ферзь
3607,ферма
3608,ферми
3609,феска
3610,фетва
3611,фетиш
3612,фетюк
3613,фефер
3614,фиакр
3615,фибра
3616,фигли
3617,фигня
3618,фидер
3619,фижма
3620,физик
3621,физия
3622,фикус
3623,филер
3624,филин
3625,филон
3626,филум
3627,фильм
3628,фильц
3629,фимоз
3630,финал
3631,финик
3632,финиш
3633,финка
3634,фиорд
3635,фирма
3636,фитин
3637,фишка
3638,фланг
3639,фланк
3640,флейт
3641,флейц
3642,флинт
3643,флирт
3644,флокс
3645,флора
3646,флюид
3647,фляга
3648,фляер
3649,фобия
3650,фокус
3651,фолио
3652,фолия
3653,фомка
3654,фонон
3655,форма
3656,форум
3657,фоска
3658,фотон
3659,фофан
3660,фраер
3661,фраза
3662,франк
3663,франт
3664,фрахт
3665,фреза
3666,френч
3667,фреон
3668,фронт
3669,фрукт
3670,фрунт
3671,фугас
3672,фужер
3673,фузея
3674,фузия
3675,фукус
3676,фуляр
3677,фураж
3678,фуран
3679,фурия
3680,фурма
3681,фурор
3682,футер
3683,футор
3684,фуфло
3685,фуэте
3686,фырок
3687,фьорд
3688,фюрер
3689,хабар
3690,хадис
3691,хазар
3692,хайло
3693,хакас
3694,хакер
3695,халал
3696,халат
3697,халва
3698,халда
3699,халиф
3700,хамит
3701,хамка
3702,хамло
3703,хамса
3704,хамье
3705,ханжа
3706,ханты
3707,ханша
3708,хапун
3709,харон
3710,харчо
3711,хасид
3712,хатка
3713,хашиш
3714,хвала
3715,хворь
3716,хвост
3717,хедер
3718,хедив
3719,херем
3720,херик
3721,хиазм
3722,хилус
3723,хилый
3724,хилая
3725,хилые
3726,хиляк
3727,химик
3728,химия
3729,химус
3730,хинди
3731,хинин
3732,хинон
3733,хиппи
3734,хирот
3735,хитин
3736,хитон
3737,хлест
3738,хлыст
3739,хлюст
3740,хлябь
3741,хмара
3742,хмель
3743,хмурь
3744,хмырь
3745,хоана
3746,хобби
3747,хобот
3748,ходни
3749,ходжа
3750,ходик
3751,ходка
3752,ходок
3753,ходун
3754,холин
3755,холка
3756,холод
3757,холоп
3758,холст
3759,холуй
3760,хольд
3761,хомут
3762,хомяк
3763,хорал
3764,хорда
3765,хорей
3766,хорея
3767,хохма
3768,хохол
3769,хохлы
3770,хохот
3771,хошун
3772,хруст
3773,хряпа
3774,хряск
3775,хряст
3776,худое
3777,хунну
3778,хунта
3779,хурал
3780,хурда
3781,хурма
3782,хутор
3783,цадик
3784,цанга
3785,цапка
3786,цапля
3787,цапун
3788,цапфа
3789,царек
3790,цацка
3791,цвель
3792,цветы
3793,цевка
3794,цевье
3795,цедра
3796,цезий
3797,целик
3798,целла
3799,целое
3800,центр
3801,ценур
3802,цепни
3803,цепка
3804,цепня
3805,церий
3806,цефей
3807,цибик
3808,цикля
3809,цинаш
3810,цинга
3811,циник
3812,цирик
3813,циста
3814,цитра
3815,цифра
3816,цокот
3817,цукат
3818,цуцик
3819,цыбик
3820,цыган
3821,цыпка
3822,цэрэу
3823,чабан
3824,чабер
3825,чабры
3826,чадра
3827,чайка
3828,чакан
3829,чакра
3830,чалка
3831,чалма
3832,чалый
3833,чалая
3834,чалые
3835,чарка
3836,часик
3837,часок
3838,часть
3839,чашка
3840,чебак
3841,чебот
3842,челка
3843,чемер
3844,чепан
3845,чепцы
3846,черва
3847,черви
3848,червь
3849,черед
3850,через
3851,черен
3852,череп
3853,чернь
3854,ческа
3855,честь
3856,четка
3857,чехол
3858,чехлы
3859,чечен
3860,чечет
3861,чешка
3862,чешуя
3863,чибис
3864,чилим
3865,чинка
3866,чипсы
3867,чирей
3868,чирьи
3869,чирик
3870,чирок
3871,чирус
3872,чиряк
3873,число
3874,читка
3875,чомга
3876,чомпи
3877,чрево
3878,чреда
3879,чтиво
3880,чтица
3881,чубик
3882,чубук
3883,чувак
3884,чувал
3885,чуваш
3886,чувяк
3887,чугун
3888,чудак
3889,чудик
3890,чужак
3891,чужое
3892,чужая
3893,чужие
3894,чуйка
3895,чукча
3896,чулан
3897,чулок
3898,чумак
3899,чурек
3900,чурка
3901,чутье
3902,чухна
3903,чушка
3904,шабат
3905,шабаш
3906,шабер
3907,шабры
3908,шабли
3909,шабля
3910,шабот
3911,шабур
3912,шавка
3913,шадуф
3914,шажок
3915,шайба
3916,шайка
3917,шакал
3918,шалаш
3919,шалон
3920,шалун
3921,шаман
3922,шамот
3923,шанец
3924,шанцы
3925,шанкр
3926,шапка
3927,шарап
3928,шарик
3929,шасла
3930,шассе
3931,шатен
3932,шатер
3933,шатры
3934,шатия
3935,шатун
3936,шафер
3937,шахта
3938,шашни
3939,шашка
3940,шваль
3941,шванк
3942,швара
3943,шварт
3944,шверт
3945,шевер
3946,шевро
3947,шеища
3948,шелеп
3949,шелом
3950,шельф
3951,шемая
3952,шепот
3953,шериф
3954,шибер
3955,шизик
3956,шиизм
3957,шилья
3958,шимми
3959,шинок
3960,шинто
3961,шипок
3962,шипун
3963,ширма
3964,шитво
3965,шитик
3966,шитье
3967,шифер
3968,шифон
3969,шихан
3970,шихта
3971,шишак
3972,шишка
3973,шкала
3974,шкант
3975,шквал
3976,шкерт
3977,шкода
3978,школа
3979,шкура
3980,шланг
3981,шлейф
3982,шлюха
3983,шляпа
3984,шмель
3985,шмоль
3986,шнапс
3987,шнява
3988,шняка
3989,шобла
3990,шорец
3991,шорцы
3992,шорка
3993,шорня
3994,шорох
3995,шорты
3996,шоссе
3997,шофер
3998,шпага
3999,шпала
4000,шпана
4001,шпень
4002,шпиль
4003,шпинь
4004,шпион
4005,шприц
4006,шпрот
4007,шпуля
4008,шпунт
4009,шпынь
4010,шримс
4011,шрифт
4012,штамб
4013,штамм
4014,штамп
4015,штаны
4016,штейн
4017,штиль
4018,штифт
4019,штора
4020,шторм
4021,штраб
4022,штраф
4023,штрек
4024,штрих
4025,штука
4026,штурм
4027,штыка
4028,штырь
4029,шубка
4030,шугай
4031,шудра
4032,шуйца
4033,шулер
4034,шумер
4035,шумок
4036,шурин
4037,шурпа
4038,шуруп
4039,шуряк
4040,шутка
4041,шухер
4042,шушун
4043,шхера
4044,шхуна
4045,шютте
4046,щебни
4047,щебет
4048,щегол
4049,щеглы
4050,щекот
4051,щелок
4052,щенок
4053,щепка
4054,щепье
4055,щерба
4056,щетка
4057,щечка
4058,щипец
4059,щипцы
4060,щипка
4061,щипок
4062,щитни
4063,щитик
4064,щиток
4065,щишки
4066,щупик
4067,щупка
4068,щурка
4069,щурок
4070,щучка
4071,эгида
4072,эгрет
4073,эдикт
4074,эйдос
4075,экзот
4076,эклер
4077,экран
4078,эксод
4079,элеат
4080,элита
4081,эллин
4082,эмаль
4083,эммер
4084,энзим
4085,эозин
4086,эолит
4087,эоцен
4088,эпарх
4089,эпонж
4090,эпоха
4091,эрата
4092,эрбий
4093,эрзац
4094,эркер
4095,эсдек
4096,эскер
4097,эскиз
4098,эспри
4099,эссен
4100,эстет
4101,этвеш
4102,этика
4103,этнос
4104,эфиоп
4105,эшарп
4106,югрич
4107,югурт
4108,юдоль
4109,южане
4110,юзист
4111,юкола
4112,юмизм
4113,юниор
4114,юница
4115,юнкер
4116,юнкор
4117,юннат
4118,юнона
4119,юноша
4120,юрага
4121,юрист
4122,юферс
4123,ябеда
4124,ягель
4125,ягода
4126,ягуар
4127,яичко
4128,яишня
4129,якорь
4130,ямина
4131,ямища
4132,ямщик
4133,ярица
4134,ярлык
4135,яруга
4136,ярыга
4137,ясень
4138,яспис
4139,яство
4140,ястык
4141,ясырь
4142,ятвяг
4143,ятовь
4144,яхонт
4145,ячата
4146,румба
4147,стена